date,alk_meq_used,dt_h,depth_m,pCO2_am,pCO2_am_lo,pCO2_am_hi,pCO2_pm,pCO2_pm_lo,pCO2_pm_hi,DIC_am,DIC_pm,dDIC,F_evasion,NEP_C,NEP_O2,NEP_O2_C,NEP_C_areal,F_evas_areal
2026-06-22,1.388,7.7833,0.35,1128.2,910.3,1373.8,349,281.5,425.1,17.1045,16.585,-0.066747,0.017415,0.049332,-0.200445,-0.075167,17.27,6.1
2026-06-23,1.388,9.6333,0.35,2157.2,1740.6,2626.6,141.2,113.8,172,17.5886,16.2325,-0.140771,0.040483,0.100288,-0.060796,-0.022799,35.1,14.17
2026-06-24,1.388,10.25,0.35,1036.6,836.4,1262.2,148.6,119.8,181,17.0762,16.2541,-0.080205,0.00998,0.070225,-0.14335,-0.053756,24.58,3.49
2026-06-26,1.388,9.25,0.64,568.4,458.6,692.2,1420.5,1146.1,1729.6,16.8059,17.2484,0.047838,0.031666,-0.079504,-0.14492,-0.054345,-50.88,20.27
2026-06-29,1.388,7.5,0.55,1422.4,1147.7,1732,914.5,737.9,1113.7,17.2474,16.9724,-0.03666,0.040641,-0.003981,-0.111516,-0.041818,-2.19,22.35
2026-06-30,1.388,5.9833,0.495,1535.4,1238.8,1869.5,1025.1,827.1,1248.3,17.2904,17.0058,-0.047562,0.045695,0.001867,-0.164047,-0.061518,0.92,22.62
2026-07-01,1.388,5.9333,0.465,2421.4,1953.8,2948.3,1242,1002.1,1512.3,17.7088,17.1274,-0.097994,0.077095,0.020899,-0.030991,-0.011622,9.72,35.85
2026-07-03,1.388,5.9833,0.59,1892.8,1527.2,2304.7,1175.7,948.6,1431.7,17.4957,17.106,-0.065129,0.062193,0.002936,-0.033499,-0.012562,1.73,36.69
2026-07-04,1.388,6,0.5,1723.2,1390.4,2098.2,874.2,705.3,1064.6,17.4174,16.9502,-0.077863,0.049174,0.028689,-0.080778,-0.030292,14.34,24.59
2026-07-06,1.388,5.75,0.465,2240.5,1807.8,2728.1,964.3,778,1174.3,17.6444,17.0154,-0.109394,0.066138,0.043256,-0.076533,-0.0287,20.11,30.75
2026-07-07,1.388,6,0.455,2799.6,2258.9,3408.8,1395.6,1126.1,1699.4,17.9239,17.2287,-0.115863,0.095137,0.020726,0.044355,0.016633,9.43,43.29
2026-07-08,1.388,6.05,0.44,2644.8,2134,3220.3,570.1,459.9,694.2,17.8201,16.7629,-0.174748,0.065986,0.108763,0.126969,0.047613,47.86,29.03
2026-07-09,1.388,5.95,0.435,2602.4,2099.8,3168.7,180.3,145.3,219.7,17.784,16.2767,-0.253332,0.054295,0.199037,0.263914,0.098968,86.58,23.62
2026-07-10,1.388,5.8667,0.43,1567,1264.3,1908,145.6,117.3,177.4,17.3094,16.1557,-0.196644,0.02468,0.171964,0.425076,0.159403,73.94,10.61
2026-07-11,1.388,5.6167,0.44,1253.4,1011.3,1526.2,137.7,111,167.8,17.15,16.1359,-0.180551,0.015335,0.165216,0.518867,0.194575,72.69,6.75
2026-07-12,1.388,6.65,0.415,2284.6,1843.4,2781.8,182.4,147.1,222.3,17.6232,16.334,-0.19387,0.044206,0.149665,0.51352,0.19257,62.11,18.35
2026-07-14,1.388,5.95,0.42,2091.6,1687.6,2546.8,109.4,88.1,133.4,17.529,15.9562,-0.264337,0.037481,0.226855,0.658123,0.246796,95.28,15.74
2026-07-15,1.388,6.1167,0.42,2604.5,2101.5,3171.3,102.4,82.4,124.9,17.7302,15.8879,-0.30118,0.050046,0.251134,0.699123,0.262171,105.48,21.02
2026-07-16,1.388,5.9,0.42,1817.2,1466.2,2212.7,140.5,113.2,171.2,17.3721,16.111,-0.213756,0.029288,0.184468,0.622063,0.233274,77.48,12.3
2026-07-18,1.388,5.85,0.44,4217.6,3403.2,5135.4,812.1,655.2,989,18.4263,16.8783,-0.264607,0.11029,0.154317,0.351121,0.13167,67.9,48.53
2026-07-21,1.388,5.6667,0.4,4829.2,3896.7,5880.1,351.3,283.3,427.9,18.6089,16.5359,-0.365831,0.110921,0.254911,0.237181,0.088943,101.96,44.37
2026-07-22,1.388,6.0333,0.39,4021,3244.5,4896,212.4,171.2,258.8,18.2738,16.2954,-0.327919,0.086856,0.241062,0.566034,0.212263,94.01,33.87
2026-07-23,1.388,5.8167,0.385,3386.8,2732.8,4123.9,171.6,138.3,209.2,17.9805,16.1758,-0.310265,0.06795,0.242314,0.616655,0.231246,93.29,26.16
2026-07-24,1.388,5.8333,0.39,3828.5,3089.2,4661.7,245.7,198.1,299.4,18.2036,16.3917,-0.310613,0.083054,0.227559,0.699895,0.262461,88.75,32.39
2026-07-25,1.388,6.1167,0.385,4429,3573.8,5392.8,278.2,224.3,339,18.4259,16.4116,-0.32932,0.097919,0.231401,0.683502,0.256313,89.09,37.7
2026-07-27,1.388,5.9667,0.42,6370.1,5140.1,7756.2,1152.9,930.1,1403.9,19.3527,17.0404,-0.387523,0.176834,0.210689,0.285719,0.107144,88.49,74.27
2026-07-28,1.388,5.55,0.4,3731.5,3010.9,4543.5,1727.2,1393.6,2103.2,18.2417,17.306,-0.16859,0.121726,0.046864,0.328307,0.123115,18.75,48.69
2026-07-29,1.388,5.7,0.39,4187.8,3379.2,5099.1,931.2,751.2,1134,18.4385,16.9195,-0.266488,0.113375,0.153113,0.368422,0.138158,59.71,44.22
2026-07-30,1.388,5.7,0.39,3829.4,3089.9,4662.7,597.6,482.1,727.8,18.2747,16.7405,-0.269166,0.095279,0.173887,0.478468,0.179426,67.82,37.16
2026-07-31,1.388,5.85,0.375,3377.1,2724.9,4112,393.1,317,478.8,18.0444,16.5834,-0.249745,0.076345,0.1734,0.455218,0.170707,65.02,28.63
2026-08-03,1.388,5.9667,0.375,5578.6,4501.4,6792.5,3276.6,2643.8,3989.6,18.9902,18.0213,-0.162382,0.211977,-0.049595,-0.025513,-0.009567,-18.6,79.49
2026-08-04,1.388,5.9167,0.36,2175.3,1755.2,2648.7,527.2,425.3,642.1,17.58,16.721,-0.145175,0.050368,0.094807,0.192161,0.07206,34.13,18.13
2026-08-05,1.388,6.15,0.36,3684.6,2973.1,4486.4,505.7,407.9,615.9,18.2622,16.6815,-0.257018,0.091946,0.165072,0.366183,0.137319,59.43,33.1
2026-08-06,1.388,5.4,0.36,3206.3,2587.1,3904.1,246.4,198.6,300.2,17.9875,16.3895,-0.295935,0.069285,0.22665,0.520638,0.195239,81.59,24.94
2026-08-07,1.388,5.6667,0.365,3238.5,2613.1,3943.3,191.2,154.1,233,17.9749,16.2551,-0.303493,0.06753,0.235963,0.625067,0.2344,86.13,24.65
2026-08-09,1.388,6.05,0.355,3878.7,3129.7,4722.8,176.2,142,214.8,18.255,16.2259,-0.335397,0.084493,0.250904,0.824034,0.309013,89.07,30
2026-08-10,1.388,5.8833,0.45,4767.2,3846.6,5804.5,1695.5,1368,2064.6,18.6319,17.2557,-0.23391,0.144179,0.089731,0.046115,0.017293,40.38,64.88
2026-08-11,1.388,5.8833,0.41,3156.9,2547.2,3843.8,836.3,674.7,1018.4,18.0084,16.9063,-0.187318,0.084771,0.102547,0.246161,0.09231,42.04,34.76
2026-08-16,1.388,5.9167,0.5,2441.7,1970.2,2973.1,1527.8,1232.7,1860.4,17.6992,17.2606,-0.074132,0.08438,-0.010248,-0.001601,-0.000601,-5.12,42.19
2026-08-17,1.388,5.6333,0.48,3134.8,2529.5,3817,576.5,465.1,702.1,18.0183,16.7574,-0.223826,0.078609,0.145217,0.199334,0.07475,69.7,37.73
2026-08-18,1.388,6.15,0.44,3283,2649,3997.4,752.9,607.4,916.9,18.0841,16.852,-0.200339,0.08703,0.113309,0.226488,0.084933,49.86,38.29
2026-08-19,1.388,5.9,0.425,4176,3369.6,5084.8,449.9,362.9,547.9,18.4435,16.6591,-0.302434,0.102233,0.200202,0.359808,0.134928,85.09,43.45
2026-08-20,1.388,5.6833,0.44,4285.6,3458,5218.1,312.7,252.2,380.9,18.4806,16.5129,-0.346224,0.101301,0.244923,0.477916,0.179218,107.77,44.57
2026-08-21,1.388,5.7667,0.43,4181.9,3374.4,5091.9,523.2,422,637.2,18.441,16.7049,-0.301059,0.103892,0.197167,0.430619,0.161482,84.78,44.67
2026-08-22,1.388,6.0833,0.42,7682.3,6198.9,9353.8,239.3,192.9,291.5,19.8916,16.4122,-0.571967,0.188532,0.383434,0.501417,0.188031,161.04,79.18
2026-08-24,1.388,5.9833,0.41,4599.2,3711.1,5600,291.3,234.9,354.9,18.61,16.4596,-0.359399,0.109071,0.250328,0.480905,0.180339,102.63,44.72
2026-08-25,1.388,5.8833,0.4,4618.8,3726.9,5623.9,315.5,254.4,384.4,18.602,16.4826,-0.360241,0.109249,0.250992,0.615175,0.230691,100.4,43.7
2026-08-26,1.388,6.2,0.4,4259.9,3437.3,5186.9,403.1,325.1,491,18.4097,16.5913,-0.293287,0.099435,0.193852,0.461259,0.172972,77.54,39.77
2026-08-27,1.388,6.0167,0.38,3693.2,2980,4496.9,1545.3,1246.8,1881.7,18.1858,17.2528,-0.155066,0.114957,0.040109,0.090243,0.033841,15.24,43.68
2026-08-28,1.388,6.0167,0.39,4541.3,3664.4,5529.5,677.7,546.7,825.4,18.6349,16.8004,-0.304904,0.119575,0.185328,0.436967,0.163863,72.28,46.63
2026-08-29,1.388,5.4,0.38,3641.2,2938,4433.5,3315.4,2675.1,4036.8,18.2071,18.0697,-0.025431,0.165259,-0.139827,-0.008189,-0.003071,-53.13,62.8
2026-08-30,1.388,6.0167,0.38,4576.7,3693,5572.6,1104.4,891,1344.8,18.7144,17.0636,-0.274365,0.13598,0.138385,0.285355,0.107008,52.59,51.67
