date,h0,h1,t0,t1,dt_h,DO0,DO1,dCdt,deficit_mean,temp_mean,elev0,elev1,shade_onset_h,sunset_h,fully_dark,reaeration,NEP,rate_sigma
2026-06-22,7.9333,15.7167,07:56,15:43,7.7833,8,7.3,-0.089936,1.044558,23.7,39.6756,37.3894,16.6083,18.9397,False,0.200354,-0.29029,0.01817
2026-06-29,7.3333,14.8333,07:20,14:50,7.5,7.9,7.8,-0.013333,0.951039,23,32.0096,48.3723,16.6233,18.9547,False,0.182416,-0.19575,0.018856
2026-06-30,7.2,13.1833,07:12,13:11,5.9833,7.9,7.5,-0.066852,1.004914,24,30.3334,67.7309,16.6283,18.9547,False,0.19275,-0.259602,0.023636
2026-07-01,7.1333,13.0667,07:08,13:04,5.9333,7.8,8.1,0.050562,0.74894,23.15,29.4611,68.9675,16.6283,18.9547,False,0.143652,-0.09309,0.023835
2026-07-03,7.1833,13.1667,07:11,13:10,5.9833,8.1,8.3,0.033426,0.606274,22.3,29.9188,67.8926,16.6283,18.9547,False,0.116288,-0.082862,0.023636
2026-07-04,5.6667,7.1167,05:40,07:07,1.45,7.7,7.9,0.137931,1.285549,21.1,11.9367,29.0389,16.6283,18.9497,False,0.246578,-0.108647,0.097532
2026-07-04,7.1167,9.1167,07:07,09:07,2,7.9,8.1,0.1,1.085813,21.2,29.0389,53.32,16.6283,18.9497,False,0.208267,-0.108267,0.070711
2026-07-04,9.1167,11.1333,09:07,11:08,2.0167,8.1,8.1,0,0.847323,22,53.32,74.8417,16.6283,18.9497,False,0.162523,-0.162523,0.070126
2026-07-04,11.1333,13.1167,11:08,13:07,1.9833,8.1,8,-0.05042,0.676619,23.25,74.8417,68.405,16.6283,18.9497,False,0.12978,-0.180201,0.071305
2026-07-04,13.1167,15.1667,13:07,15:10,2.05,8,7.9,-0.04878,0.653819,24.35,68.405,44.361,16.6283,18.9497,False,0.125407,-0.174188,0.068986
2026-07-04,15.1667,16.6833,15:10,16:41,1.5167,7.9,7.7,-0.131868,0.78104,24.35,44.361,25.9655,16.6283,18.9497,False,0.149809,-0.281677,0.093245
2026-07-04,16.6833,18.5333,16:41,18:32,1.85,7.7,7.5,-0.108108,1.032135,23.55,25.9655,4.5405,16.6283,18.9497,False,0.197971,-0.306079,0.076444
2026-07-06,7.4167,13.1667,07:25,13:10,5.75,7.8,8,0.034783,0.962958,22.1,32.5047,67.8274,16.6283,18.9447,False,0.184703,-0.14992,0.024595
2026-07-06,13.1667,16.7333,13:10,16:44,3.5667,8,7.9,-0.028037,0.849172,22.8,67.8274,25.35,16.6283,18.9447,False,0.162877,-0.190915,0.039651
2026-07-07,7.3333,13.3333,07:20,13:20,6,7.9,8.6,0.116667,0.754749,21.75,31.4127,66.0029,16.6233,18.9447,False,0.144766,-0.0281,0.02357
2026-07-08,7.15,13.2,07:09,13:12,6.05,7.9,8.8,0.14876,0.438194,23.45,29.112,67.4039,16.6233,18.9397,False,0.084049,0.064712,0.023375
2026-07-08,13.2,16.65,13:12,16:39,3.45,8.8,8.1,-0.202899,-0.02405,25.25,67.4039,26.3156,16.6233,18.9397,False,-0.004613,-0.198286,0.040992
2026-07-09,7.1833,13.1333,07:11,13:08,5.95,7.8,9.2,0.235294,-0.018684,24.95,29.4267,68.0605,16.6233,18.9347,False,-0.003584,0.238878,0.023768
2026-07-09,13.1333,16.7333,13:08,16:44,3.6,9.2,8.3,-0.25,-0.706912,27.3,68.0605,25.2917,16.6233,18.9347,False,-0.135591,-0.114409,0.039284
2026-07-09,16.7333,18.7833,16:44,18:47,2.05,8.3,7,-0.634146,0.521138,26.5,25.2917,1.6519,16.6233,18.9347,False,0.099958,-0.734105,0.068986
2026-07-09,18.7833,20.6333,18:47,20:38,1.85,7,6.5,-0.27027,1.645939,25.15,1.6519,-16.6788,16.6233,18.9347,False,0.315703,-0.585974,0.076444
2026-07-10,7.3333,13.2,07:20,13:12,5.8667,7.7,9.8,0.357955,-0.376543,25.2,31.1511,67.3119,16.6183,18.9297,False,-0.072224,0.430178,0.024106
2026-07-11,7.25,12.8667,07:15,12:52,5.6167,7.9,10.2,0.409496,-0.728249,25.25,30.0513,70.5962,16.6183,18.9247,False,-0.139684,0.549179,0.025179
2026-07-11,12.8667,18.7,12:52,18:42,5.8333,10.2,7.1,-0.531429,-0.536277,26.95,70.5962,2.468,16.6183,18.9247,False,-0.102862,-0.428567,0.024244
2026-07-11,18.7,20.4167,18:42,20:25,1.7167,7.1,6.1,-0.582524,1.695479,25.9,2.468,-14.9072,16.6183,18.9247,False,0.325206,-0.90773,0.082381
2026-07-12,4.55,5.3,04:33,05:18,0.75,6.2,6.4,0.266667,2.348901,23.2,-1.229,7.0237,16.6133,18.9197,False,0.450537,-0.18387,0.188562
2026-07-12,5.3,5.55,05:18,05:33,0.25,6.4,6.8,1.6,2.032285,23.2,7.0237,9.8634,16.6133,18.9197,False,0.389807,1.210193,0.565685
2026-07-12,5.55,5.9833,05:33,05:59,0.4333,6.8,7,0.461538,1.757539,23.1,9.8634,14.8706,16.6133,18.9197,False,0.337109,0.124429,0.326357
2026-07-12,5.9833,6.5,05:59,06:30,0.5167,7,7.2,0.387097,1.542876,23.1,14.8706,20.9573,16.6133,18.9197,False,0.295935,0.091162,0.273719
2026-07-12,6.5,7.05,06:30,07:03,0.55,7.2,7.4,0.363636,1.338977,23.05,20.9573,27.5428,16.6133,18.9197,False,0.256826,0.106811,0.25713
2026-07-12,7.05,9.0333,07:03,09:02,1.9833,7.4,9.7,1.159664,0.106657,23.35,27.5428,51.6216,16.6133,18.9197,False,0.020458,1.139206,0.071305
2026-07-12,9.0333,13.7,09:02,13:42,4.6667,9.7,10.4,0.15,-1.491565,24.25,51.6216,61.6998,16.6133,18.9197,False,-0.286093,0.436093,0.030305
2026-07-14,7.15,13.1,07:09,13:06,5.95,8.3,11,0.453782,-1.358323,26,28.5564,68.0846,16.6083,18.9097,False,-0.260536,0.714318,0.023768
2026-07-15,7.05,13.1667,07:03,13:10,6.1167,7.9,11,0.506812,-1.31024,26.75,27.2498,67.3228,16.6033,18.9046,False,-0.251314,0.758126,0.023121
2026-07-16,7.3333,13.2333,07:20,13:14,5.9,8.4,10.8,0.40678,-1.493986,26.85,30.5764,66.5475,16.5983,18.8946,False,-0.286558,0.693337,0.02397
2026-07-18,7.1667,13.0167,07:10,13:01,5.85,7.1,9.2,0.358974,0.190713,25.4,28.3519,68.5346,16.5883,18.8796,False,0.03658,0.322394,0.024175
2026-07-18,13.0167,18.5667,13:01,18:34,5.55,9.2,7.1,-0.378378,-0.024611,26.85,68.5346,3.4575,16.5883,18.8796,False,-0.004721,-0.373658,0.025481
2026-07-21,7.3333,13,07:20,13:00,5.6667,7,8.5,0.264706,0.313795,27.15,30.0527,68.3376,16.5683,18.8546,False,0.060188,0.204518,0.024957
2026-07-22,7.2167,13.25,07:13,13:15,6.0333,7.2,10,0.464088,-0.655844,28,28.528,65.7437,16.5633,18.8446,False,-0.125796,0.589884,0.02344
2026-07-23,7.1833,13,07:11,13:00,5.8167,7,10,0.515759,-0.625204,28.65,28.0132,68.0664,16.5533,18.8296,False,-0.119919,0.635678,0.024313
2026-07-24,7.25,13.0833,07:15,13:05,5.8333,6.6,10.3,0.634286,-0.397541,27.1,28.7102,67.1315,16.5433,18.8196,False,-0.076251,0.710537,0.024244
2026-07-25,7.2833,13.4,07:17,13:24,6.1167,6.7,10.3,0.588556,-0.589341,28.35,29.0021,63.7987,16.5383,18.8096,False,-0.11304,0.701596,0.023121
2026-07-27,7.3333,13.3,07:20,13:18,5.9667,6.5,8.7,0.368715,0.734724,25.35,29.3811,64.5399,16.5182,18.7846,False,0.140925,0.22779,0.023702
2026-07-28,7.3833,12.9333,07:23,12:56,5.55,6.7,8.9,0.396396,0.675066,24.75,29.8736,67.8714,16.5082,18.7746,False,0.129483,0.266914,0.025481
2026-07-29,7.25,12.95,07:15,12:57,5.7,7.1,9.2,0.368421,0.153493,25.85,28.135,67.5428,16.4982,18.7596,False,0.029441,0.33898,0.024811
2026-07-29,12.95,16.8167,12:57,16:49,3.8667,9.2,8,-0.310345,-0.643025,28.2,67.5428,22.7921,16.4982,18.7596,False,-0.123337,-0.187008,0.036574
2026-07-30,7.25,12.95,07:15,12:57,5.7,7,9.6,0.45614,-0.097281,25.95,28.0169,67.3554,16.4882,18.7496,False,-0.018659,0.4748,0.024811
2026-07-30,12.95,16.4333,12:57,16:26,3.4833,9.6,8.3,-0.373206,-1.074453,28.45,67.3554,27.3158,16.4882,18.7496,False,-0.206088,-0.167118,0.040599
2026-07-30,16.4333,19.0833,16:26,19:05,2.65,8.3,6.8,-0.566038,0.381731,27.85,27.3158,-3.723,16.4882,18.7496,False,0.073219,-0.639257,0.053367
2026-07-30,19.0833,20.6,19:05,20:36,1.5167,6.8,6.1,-0.461538,1.575002,26.65,-3.723,-19.0956,16.4882,18.7496,True,0.302097,-0.763636,0.093245
2026-07-31,7.2333,13.0833,07:14,13:05,5.85,7,9.5,0.42735,-0.152133,26.55,27.6952,65.9605,16.4782,18.7345,False,-0.02918,0.456531,0.024175
2026-07-31,13.0833,16.5167,13:05,16:31,3.4333,9.5,8.6,-0.262136,-1.206021,28.55,65.9605,26.1712,16.4782,18.7345,False,-0.231324,-0.030812,0.041191
2026-07-31,16.5167,19.25,16:31,19:15,2.7333,8.6,6.6,-0.731707,0.337729,27.75,26.1712,-5.6989,16.4782,18.7345,False,0.064779,-0.796486,0.05174
2026-07-31,19.25,20.8833,19:15,20:53,1.6333,6.6,5.9,-0.428571,1.796639,26.6,-5.6989,-21.8102,16.4782,18.7345,True,0.344609,-0.77318,0.086585
2026-08-01,4.5,7.1167,04:30,07:07,2.6167,6,7.2,0.458599,1.825017,24.2,-4.4347,26.1569,16.4682,18.7195,False,0.350052,0.108547,0.054046
2026-08-01,7.1167,14.4667,07:07,14:28,7.35,7.2,9.7,0.340136,-0.431499,27.15,26.1569,50.8227,16.4682,18.7195,False,-0.082765,0.422901,0.019241
2026-08-03,7.2667,13.2333,07:16,13:14,5.9667,6.3,7.4,0.184358,1.645016,24.05,27.7387,63.956,16.4432,18.6895,False,0.315526,-0.131169,0.023702
2026-08-03,13.2333,19.1,13:14,19:06,5.8667,7.4,6.7,-0.119318,1.505269,23.85,63.956,-4.5768,16.4432,18.6895,False,0.288722,-0.40804,0.024106
2026-08-03,19.1,20.6667,19:06,20:40,1.5667,6.7,6.3,-0.255319,2.102725,23.5,-4.5768,-20.5006,16.4432,18.6895,True,0.403318,-0.658637,0.090269
2026-08-04,7.35,13.2667,07:21,13:16,5.9167,7.5,8.8,0.219718,0.325107,24.45,28.6313,63.4306,16.4332,18.6745,False,0.062358,0.15736,0.023902
2026-08-05,7.1833,13.3333,07:11,13:20,6.15,7.2,9.4,0.357724,0.086043,25.3,26.4788,62.5727,16.4182,18.6595,False,0.016504,0.34122,0.022995
2026-08-06,7.6,13,07:36,13:00,5.4,7.4,9.8,0.444444,-0.432979,26.65,31.4313,65.4414,16.4032,18.6445,False,-0.083049,0.527493,0.026189
2026-08-06,13,18.95,13:00,18:57,5.95,9.8,6.7,-0.521008,-0.363171,28.3,65.4414,-3.4647,16.4032,18.6445,False,-0.069659,-0.451349,0.023768
2026-08-06,18.95,19.4833,18:57,19:29,0.5333,6.7,6.2,-0.9375,1.557177,27.3,-3.4647,-9.3079,16.4032,18.6445,True,0.298678,-1.236178,0.265165
2026-08-06,19.4833,19.9833,19:29,19:59,0.5,6.2,6.1,-0.2,1.884392,27.1,-9.3079,-14.5315,16.4032,18.6445,True,0.36144,-0.56144,0.282843
2026-08-06,19.9833,20.4333,19:59,20:26,0.45,6.1,5.8,-0.666667,2.134671,26.75,-14.5315,-18.9701,16.4032,18.6445,True,0.409446,-1.076112,0.31427
2026-08-07,7.5,13.1667,07:30,13:10,5.6667,7.5,10.3,0.494118,-0.860365,27.4,30.0883,63.7233,16.3932,18.6245,False,-0.165024,0.659142,0.024957
2026-08-09,7.3833,9.7333,07:23,09:44,2.35,7.2,9.8,1.106383,-0.179183,25.3,28.4158,56.174,16.3632,18.5945,False,-0.034369,1.140752,0.060179
2026-08-09,9.7333,13.4333,09:44,13:26,3.7,9.8,11.2,0.378378,-2.510693,27.75,56.174,60.7099,16.3632,18.5945,False,-0.48157,0.859948,0.038222
2026-08-09,13.4333,16.2333,13:26,16:14,2.8,11.2,9.1,-0.75,-2.385472,29.3,60.7099,28.2156,16.3632,18.5945,False,-0.457551,-0.292449,0.050508
2026-08-10,7.4,13.2833,07:24,13:17,5.8833,7.2,7.9,0.11898,0.646181,26.2,28.4924,61.9295,16.3481,18.5745,False,0.123942,-0.004962,0.024038
2026-08-10,13.2833,18.7667,13:17,18:46,5.4833,7.9,6.8,-0.200608,0.70732,27.05,61.9295,-2.1886,16.3481,18.5745,False,0.135669,-0.336277,0.025791
2026-08-10,18.7667,18.7833,18:46,18:47,0.0167,6.8,6,-48,1.310274,26,-2.1886,-2.3781,16.3481,18.5745,True,0.25132,-48.25132,8.485281
2026-08-10,18.7833,19.15,18:47,19:09,0.3667,6,6.6,1.636364,1.402976,26,-2.3781,-6.4969,16.3481,18.5745,True,0.269101,1.367262,0.385695
2026-08-10,19.15,19.1667,19:09,19:10,0.0167,6.6,6.5,-6,1.658524,25.85,-6.4969,-6.6816,16.3481,18.5745,True,0.318117,-6.318117,8.485281
2026-08-10,19.1667,19.65,19:10,19:39,0.4833,6.5,6.4,-0.206897,1.83021,25.65,-6.6816,-11.9303,16.3481,18.5745,True,0.351048,-0.557944,0.292596
2026-08-10,19.65,19.6667,19:39,19:40,0.0167,6.4,6.3,-6,1.923491,25.5,-11.9303,-12.1072,16.3481,18.5745,True,0.36894,-6.36894,8.485281
2026-08-10,19.6667,20.0667,19:40,20:04,0.4,6.3,6.3,0,2.000914,25.3,-12.1072,-16.2604,16.3481,18.5745,True,0.38379,-0.38379,0.353553
2026-08-10,20.0667,20.0833,20:04,20:05,0.0167,6.3,6.2,-6,2.061096,25.25,-16.2604,-16.4293,16.3481,18.5745,True,0.395334,-6.395334,8.485281
2026-08-10,20.0833,20.6833,20:05,20:41,0.6,6.2,6.2,0,2.061163,25.15,-16.4293,-22.2517,16.3481,18.5745,True,0.395346,-0.395346,0.235702
2026-08-10,20.6833,20.7,20:41,20:42,0.0167,6.2,6.2,0,2.094407,24.95,-22.2517,-22.4055,16.3481,18.5745,True,0.401723,-0.401723,8.485281
2026-08-11,4.65,4.6667,04:39,04:40,0.0167,6.6,6.6,0,2.141722,23.1,-4.3153,-4.1279,16.3331,18.5594,True,0.410798,-0.410798,8.485281
2026-08-11,4.6667,7.3167,04:40,07:19,2.65,6.6,7.2,0.226415,1.823944,23,-4.1279,27.3498,16.3331,18.5594,False,0.349846,-0.123431,0.053367
2026-08-11,7.3167,7.3333,07:19,07:20,0.0167,7.2,7.2,0,1.495665,22.8,27.3498,27.5529,16.3331,18.5594,False,0.28688,-0.28688,8.485281
2026-08-11,7.3333,13.1833,07:20,13:11,5.85,7.2,9,0.307692,0.355927,24.35,27.5529,62.6099,16.3331,18.5594,False,0.068269,0.239423,0.024175
2026-08-11,13.1833,13.2,13:11,13:12,0.0167,9,8.9,-6,-0.689404,25.9,62.6099,62.4582,16.3331,18.5594,False,-0.132233,-5.867767,8.485281
