k,R,ssq,rms
0.05,0.216639,0.51650451,0.239561
0.1,0.581597,0.23431486,0.161354
0.135,0.593064,0.06354957,0.08403
0.15,0.63786,0.07331742,0.090257
0.2,0.722201,0.04223119,0.068501
0.25,0.839549,0.03541103,0.062726
0.3,0.955611,0.02941174,0.057166
0.35,1.053991,0.03739207,0.064457
0.4,1.171553,0.03456373,0.061971
0.45,1.319016,0.01754489,0.044152
0.5,1.43615,0.0136403,0.038931
0.55,1.548675,0.00943283,0.032374
0.6,1.667846,0.00728706,0.028455
0.65,1.78723,0.00565401,0.025064
0.7,1.906829,0.00448635,0.022327
0.75,2.026749,0.00373759,0.020379
0.8,2.147848,0.00342075,0.019496
0.85,2.267233,0.00331511,0.019192
0.9,2.387796,0.00355468,0.019874
0.95,2.508573,0.00404069,0.021189
1,2.629672,0.00473576,0.022939
1.05,2.750986,0.0056054,0.024956
1.1,2.872514,0.00661802,0.027117
1.15,2.994256,0.00774501,0.029335
1.2,3.116212,0.00896067,0.031554
1.25,3.238383,0.01024213,0.033734
1.3,3.360768,0.01156921,0.035853
1.35,3.483368,0.01292429,0.037895
1.4,3.606074,0.01429211,0.03985
1.45,3.729102,0.01565959,0.041713
1.5,3.852238,0.01701567,0.043481
1.55,3.97548,0.01835109,0.045155
1.6,4.099044,0.01965822,0.046736
1.65,4.222608,0.02093087,0.048225
1.7,4.346493,0.02216416,0.049625
1.75,4.470379,0.02335431,0.05094
1.8,4.594479,0.02449857,0.052173
1.85,4.718793,0.02559501,0.053328
1.9,4.843107,0.02664244,0.054408
1.95,4.967635,0.02764031,0.055418
2,5.092271,0.02858858,0.056361
