date,record_count,morning_time,afternoon_time,pH_morning,pH_afternoon,delta_pH,DO_pct_morning,DO_pct_afternoon,delta_DO_pct,DO_mgL_morning,DO_mgL_afternoon,delta_DO_mgL,water_temp_morning_C,water_temp_afternoon_C,delta_water_temp_C,EC_morning_uScm,EC_afternoon_uScm,delta_EC_uScm,EC_recent_median_uScm,EC_deviation_uScm,PAR_air_morning,PAR_air_afternoon,PAR_subsurface_morning,PAR_subsurface_afternoon,PAR_bottom_morning,PAR_bottom_afternoon,PAR_bottom_mean,bottom_PAR_ratio_morning,bottom_PAR_ratio_afternoon,bottom_PAR_ratio_mean,depth_cm_mean,depth_A_cm_mean,depth_B_cm_mean,depth_C_cm_mean,depth_D_cm_mean,depth_B_minus_A_cm_mean,depth_C_minus_A_cm_mean,depth_D_minus_B_cm_mean,depth_patch_mean_cm_mean,depth_patch_range_cm_mean,measured_depth_cm_mean,bank_to_water_surface_cm_mean,visual_algae_score,mud_cover_score,bare_stone_score,bed_visibility_score,amedas_precipitation_24h_07_jst_mm,amedas_sunshine_day_h,amedas_global_solar_estimated_day_MJ_m2,amedas_surface_PAR_estimated_day_mol_m2,amedas_bottom_PAR_estimated_day_mol_m2,days_since_rain,recovery_phase,event_type,measurement_confidence,data_status,summary_note
2026-06-23,1,,16:38:00,,8.78,,,93.1,,,8,,,23.7,,,225,,,,,457,,,,89.4,89.4,,0.1956,0.196,,,,,,,,,,,,,,,,0,0,0.35,8.348,19.2,3.763,,unknown,human_input_suspected,usable,missing_morning,この日は朝午後のデータが一部不足しているため参考値です。
2026-06-24,2,07:19:00,17:34:00,7.92,8.76,0.84,85.7,86.7,1,7.6,7.6,0,21.1,23.9,2.8,286,245,-41,225,20,234,182.1,176.233,128.133,120,43.1,81.55,0.5128,0.2367,0.375,,,,,,,,,,,,,1,0,0,1.5,0,2.4,14.247,32.768,12.288,,unknown,none,usable,complete,ECが大きく変化しており、溶存成分を伴うイベント候補です。
2026-06-26,2,07:30:00,16:45:00,8.18,7.79,-0.39,90.1,88.5,-1.6,8.1,7.8,-0.3,21.4,22.1,0.7,176,122,-54,235,-113,111.6,132.467,69.9,87.6,38.6,0.6,19.6,0.3459,0.0045,0.175,64,64,,,,,,,,,,,,,,0,16.75,0,8.501,19.552,3.422,0,rain_0_1d,rain_turbid,usable,complete,濁り・泥・遮光の影響で川底への光が弱かった可能性があります。
2026-06-27,1,08:50:00,,7.99,,,91.6,,,8.1,,,22.4,,,206,,,225,-19,397.833,,299.867,,96.6,,96.6,0.2428,,0.243,90,90,,,,,,,,,60,,,,,0,73.5,0,8.497,19.543,4.749,0,rain_0_1d,rain_turbid,usable,missing_afternoon,この日は朝午後のデータが一部不足しているため参考値です。
2026-06-28,1,,16:50:00,,8,,,86.4,,,7.7,,,22.2,,,245,,215.5,29.5,,87.833,,65.567,,39.233,39.233,,0.4467,0.447,59,59,,,,,,,,,,,,,,2,5.75,0,8.492,19.532,8.731,0,rain_0_1d,none,usable,missing_morning,この日は朝午後のデータが一部不足しているため参考値です。
2026-06-29,2,07:20:00,14:50:00,7.79,7.99,0.2,88.7,89.7,1,7.9,7.8,-0.1,22.2,23.8,1.6,254,263,9,225,38,222.633,347.733,145.767,219.6,105.867,114.767,110.317,0.4755,0.33,0.403,55,55,,,,,,,,,,,1,0,0,1,4.75,0.75,9.557,21.981,8.858,0,rain_0_1d,none,usable,complete,ECが大きく変化しており、溶存成分を伴うイベント候補です。
2026-06-30,2,07:12:00,13:11:00,7.76,7.95,0.19,88.7,88.2,-0.5,7.9,7.5,-0.4,22.7,25.3,2.6,261,266,5,235,31,410.3,901.867,270.2,636.3,199.1,175.067,187.084,0.4853,0.1941,0.34,49.5,49.5,,,,,,,,,,,1,0,0,1.5,0,2,11.441,26.314,8.947,1,rain_0_1d,human_input_suspected,good,complete,ECが大きく変化しており、溶存成分を伴うイベント候補です。
2026-07-01,2,07:08:00,13:04:00,7.56,7.86,0.3,88.1,94.8,6.7,7.8,8.1,0.3,22.2,24.1,1.9,265,269,4,245,24,503.033,633.567,351.967,443.433,246.767,302.867,274.817,0.4906,0.478,0.484,46.5,46.5,,,,,,,,,,,1,0,0,2,0,1.25,10.963,25.215,12.204,2,recovery_2_4d,none,good,complete,ECが大きく変化しており、溶存成分を伴うイベント候補です。
2026-07-03,2,07:11:00,13:10:00,7.66,7.88,0.22,90.7,95.6,4.9,8.1,8.3,0.2,21.1,23.5,2.4,198,206,8,245,-39,321.733,551.733,241.2,379.5,131.467,241.933,186.7,0.4086,0.4385,0.424,59,59,,,,,,,,,,,1,0,0,2,21.25,0.05,8.827,20.302,8.608,0,rain_0_1d,none,usable,complete,ECが大きく変化しており、溶存成分を伴うイベント候補です。
2026-07-04,8,07:07:00,13:07:00,7.7,8.01,0.31,86.9,92.6,5.7,7.9,8,0.1,21,23.9,2.9,274,266,-8,245,21,241.9,622.933,163.433,442.267,131.867,347.633,239.75,0.5451,0.5581,0.552,50,50,,,,,,,,,,,1,0,0,3,0.75,0.25,9.184,21.123,11.66,1,rain_0_1d,none,good,complete,ECが大きく変化しており、溶存成分を伴うイベント候補です。
2026-07-06,3,07:25:00,13:10:00,7.59,7.96,0.37,87.3,91,3.7,7.8,8,0.2,21.6,22.6,1,266,256,-10,263,-7,548.867,214.667,383.267,142.167,297.567,111.733,204.65,0.5421,0.5205,0.531,46.5,46.5,,,,,,,,,,,1,0,0,3,7.75,0,8.689,19.985,10.612,0,rain_0_1d,none,usable,complete,pHとDO%がともに上昇しており、日中光応答が読みやすい日です。
2026-07-07,2,07:20:00,13:20:00,7.49,7.8,0.31,86.4,97,10.6,7.9,8.6,0.7,21,22.5,1.5,238,253,15,263,-10,397.1,377.933,278.8,261.8,194.5,203.133,198.817,0.4898,0.5375,0.514,45.5,45.5,,,,,,,,,,,1,0,0,3,3,0.2,8.77,20.171,10.368,0,rain_0_1d,none,usable,complete,pHとDO%がともに上昇しており、日中光応答が読みやすい日です。
2026-07-08,3,07:09:00,13:12:00,7.52,8.2,0.68,87.3,103.2,15.9,7.9,8.8,0.9,21.9,25,3.1,274,262,-12,263,-1,971.8,972.333,681.367,664.333,407.8,476.167,441.983,0.4196,0.4897,0.455,44,44,,,,,,,,,,,1,0,0,3,0,5,16.958,39.003,17.746,1,rain_0_1d,none,good,complete,pHとDO%がともに上昇しており、日中光応答が読みやすい日です。
2026-07-09,4,07:11:00,13:08:00,7.53,8.7,1.17,87.3,114.6,27.3,7.8,9.2,1.4,22.4,27.5,5.1,272,265,-7,262,3,975.833,2237.5,660.6,1554.133,416.367,1193.633,805,0.4267,0.5335,0.48,43.5,43.5,,,,,,,,,,,3,0,0,3,0,13,30.127,69.292,33.26,2,recovery_2_4d,clear_low_flow,good,complete,pHとDO%がともに上昇しており、日中光応答が読みやすい日です。
2026-07-10,2,07:20:00,13:12:00,7.75,8.79,1.04,87.9,122.7,34.8,7.7,9.8,2.1,22.5,27.9,5.4,277,273,-4,262,11,1100.767,2243.467,751.733,1548.133,535.933,1375.9,955.917,0.4869,0.6133,0.55,43,43,,,,,,,,,,,3,0,0,3,0,13.35,30.176,69.405,38.173,3,recovery_2_4d,clear_low_flow,good,complete,pHとDO%がともに上昇しており、日中光応答が読みやすい日です。
2026-07-11,3,07:15:00,12:52:00,7.85,8.81,0.96,91.2,127.8,36.6,7.9,10.2,2.3,23.1,27.4,4.3,279,270,-9,262,8,815.2,2201.767,530.867,1513.9,434.233,1340.53,887.381,0.5327,0.6088,0.571,44,44,,,,,,,,,,,3,0,0,3,0,10.25,26.974,62.04,35.425,4,recovery_2_4d,clear_low_flow,good,complete,pHとDO%がともに上昇しており、日中光応答が読みやすい日です。
2026-07-12,8,07:03:00,13:42:00,7.59,8.68,1.09,85.6,123.1,37.5,7.4,10.4,3,23,24.8,1.8,288,266,-22,265,1,174.9,389.733,119.6,278.367,94.133,205.133,149.633,0.5382,0.5263,0.532,41.5,41.5,,,,,,,,,,,3,0,0,3,0,0,8.622,19.831,10.55,5,recovery_5_7d,none,usable,complete,pHとDO%がともに上昇しており、日中光応答が読みやすい日です。
2026-07-13,1,,,,,,,,,,,,,,,,,,265,,,,,,,,,,,,,,,,,,,,,,,,,,,,0,0,8.609,19.801,,6,recovery_5_7d,none,usable,partial,この日は朝午後のデータが一部不足しているため参考値です。
2026-07-14,2,07:09:00,13:06:00,7.63,8.91,1.28,95.3,139.7,44.4,8.3,11,2.7,23.3,28.7,5.4,282,267,-15,265.5,1.5,865.567,1619.6,598.467,1096.567,430.5,823.967,627.234,0.4974,0.5087,0.503,42,42,,,,,,,,,,,3,0,0,3,0.25,10.55,27.875,64.112,32.248,7,recovery_5_7d,clear_low_flow,good,complete,pHとDO%がともに上昇しており、日中光応答が読みやすい日です。
2026-07-15,2,07:03:00,13:10:00,7.54,8.94,1.4,92.7,141.8,49.1,7.9,11,3.1,24.1,29.4,5.3,286,265,-21,266.5,-1.5,947.8,2237.367,593.933,1555.933,466.5,1272.367,869.433,0.4922,0.5687,0.53,42,42,,,,,,,,,,,3,0,0,3,0,11.1,27.626,63.54,33.676,8,stable,clear_low_flow,good,complete,pHとDO%がともに上昇しており、日中光応答が読みやすい日です。
2026-07-16,2,07:20:00,13:14:00,7.7,8.81,1.11,100.1,138.1,38,8.4,10.8,2.4,24.8,28.9,4.1,294,258,-36,266.5,-8.5,1223.567,1685.4,831.567,1354.967,631.5,949.825,790.663,0.5161,0.5636,0.54,42,42,,,,,,,,,,,3,0,0,3,0,3.15,15.528,35.714,19.286,9,stable,clear_low_flow,good,complete,pHとDO%がともに上昇しており、日中光応答が読みやすい日です。
2026-07-17,1,07:25:00,,7.59,,,90.5,,,7.6,,,24.7,,,282,,,266.5,15.5,595.1,,409.533,,300.333,,300.333,0.5047,,0.505,41,41,,,,,,,,,,,3,0,0,3,6,1.35,11.043,25.399,12.826,0,rain_0_1d,none,usable,missing_afternoon,この日は朝午後のデータが一部不足しているため参考値です。
2026-07-18,3,07:10:00,13:01:00,7.33,8.06,0.73,83,113.2,30.2,7.1,9.2,2.1,23.9,26.9,3,219,248,29,266.5,-18.5,735.267,2317.567,512.4,1668.567,333.6,1282.989,808.294,0.4537,0.5536,0.504,44,44,,,,,,,,,,,1,0,1,3,37.75,2.9,13.387,30.79,15.518,0,rain_0_1d,rain_scour,good,complete,裸石感が強く、洗い流し後の回復過程の可能性があります。
2026-07-19,1,07:26:00,,7.33,,,80.3,,,6.9,,,23.8,,,280,,,265.5,14.5,1150.4,,778.467,,713.75,,713.75,0.6204,,0.62,42,42,,,,,,,,,,,1,0,1,3,0,9.75,23.309,53.611,33.239,1,rain_0_1d,none,good,missing_afternoon,この日は朝午後のデータが一部不足しているため参考値です。
2026-07-21,2,07:20:00,13:00:00,7.28,8.43,1.15,83.4,109.9,26.5,7,8.5,1.5,25.3,29,3.7,283,275,-8,266,9,393.567,205.2,301.2,143.167,207.775,108.65,158.213,0.5279,0.5295,0.529,40,40,,,,,,,,,,,2,0,0,3,0,7.05,19.672,45.246,23.935,3,recovery_2_4d,clear_low_flow,good,complete,pHとDO%がともに上昇しており、日中光応答が読みやすい日です。
2026-07-22,2,07:13:00,13:15:00,7.36,8.65,1.29,87.1,131.2,44.1,7.2,10,2.8,25.4,30.6,5.2,282,270,-12,267,3,891.367,2062.1,608.5,1374.933,459.189,1088.5,773.845,0.5152,0.5279,0.522,39,39,,,,,,,,,,,2.5,0,0,3,0,6,9.263,21.305,11.121,4,recovery_2_4d,clear_low_flow,good,complete,pHとDO%がともに上昇しており、日中光応答が読みやすい日です。
2026-07-23,2,07:11:00,13:00:00,7.44,8.74,1.3,85.4,132.4,47,7,10,3,26.3,31,4.7,280,271,-9,270,1,921.667,2152.467,654.2,1486.2,481.675,1208.222,844.948,0.5226,0.5613,0.542,38.5,38.5,,,,,,,,,,,3,0,0,3,0,9.7,24.438,56.207,30.464,5,recovery_5_7d,clear_low_flow,good,complete,pHとDO%がともに上昇しており、日中光応答が読みやすい日です。
2026-07-24,2,07:15:00,13:05:00,7.38,8.58,1.2,79.5,132,52.5,6.6,10.3,3.7,25.2,29,3.8,283,273,-10,271,2,234.133,2059.933,158.767,1436.833,123.467,1285.125,704.296,0.5273,0.6239,0.576,39,39,,,,,,,,,,,3,0,0,3,0.25,3,14.103,32.437,18.684,6,recovery_5_7d,clear_low_flow,good,complete,pHとDO%がともに上昇しており、日中光応答が読みやすい日です。
2026-07-25,2,07:17:00,13:24:00,7.32,8.54,1.22,80.8,136.8,56,6.7,10.3,3.6,25.7,31,5.3,254,263,9,273,-10,942.567,2405.533,696.5,1791.2,496.05,1242.744,869.397,0.5263,0.5166,0.521,38.5,38.5,,,,,,,,,,,3,0,0,3,1.5,7.25,23.426,53.88,28.071,0,rain_0_1d,clear_low_flow,good,complete,pHとDO%がともに上昇しており、日中光応答が読みやすい日です。
2026-07-26,1,07:16:00,,7.17,,,80.3,,,6.7,,,25,,,219,,,271,-52,894.867,,606.967,,373.225,,373.225,0.4171,,0.417,41,41,,,,,,,,,,,2,0,1,2,14.5,8.25,21.355,49.116,20.481,0,rain_0_1d,rain_scour,good,missing_afternoon,この日は朝午後のデータが一部不足しているため参考値です。
2026-07-27,2,07:20:00,13:18:00,7.15,7.91,0.76,75.2,108.4,33.2,6.5,8.7,2.2,23.7,27,3.3,219,254,35,271,-17,217.9,724.633,151.333,508.6,92.95,365.975,229.463,0.4266,0.505,0.466,42,42,,,,,,,,,,,2,0,1,2,21,0.5,5.213,11.99,5.587,0,rain_0_1d,rain_scour,good,complete,裸石感が強く、洗い流し後の回復過程の可能性があります。
2026-07-28,2,07:23:00,12:56:00,7.38,7.73,0.35,77.2,107.6,30.4,6.7,8.9,2.2,23.4,26.1,2.7,267,248,-19,270,-22,394.167,2441.967,272.467,1709.1,187.2,1304.075,745.638,0.4749,0.534,0.504,40,40,,,,,,,,,,,2,0,0,2.5,0.5,0.1,8.551,19.667,9.912,1,rain_0_1d,clear_low_flow,usable,complete,ECが大きく変化しており、溶存成分を伴うイベント候補です。
2026-07-29,3,07:15:00,12:57:00,7.33,8.01,0.68,81.9,115.9,34,7.1,9.2,2.1,23.4,28.3,4.9,261,274,13,263,11,932.867,583.433,621.233,429.667,422.925,310.975,366.95,0.4534,0.533,0.493,39,39,,,,,,,,,,,2,0,0,3,2,6.8,16.695,38.398,18.93,0,rain_0_1d,clear_low_flow,good,complete,pHとDO%がともに上昇しており、日中光応答が読みやすい日です。
2026-07-30,3,07:15:00,12:57:00,7.37,8.2,0.83,82,122,40,7,9.6,2.6,23.6,28.3,4.7,289,290,1,263,27,379.333,2234.6,264.8,1558.633,204.675,1231.1,717.887,0.5396,0.5509,0.545,39,39,,,,,,,,,,,2,0,0,3,0,6.85,20.788,47.812,26.058,1,rain_0_1d,clear_low_flow,good,complete,ECが大きく変化しており、溶存成分を伴うイベント候補です。
2026-07-31,3,07:14:00,13:05:00,7.43,8.38,0.95,83.5,121.6,38.1,7,9.5,2.5,24.5,28.6,4.1,288,287,-1,263,24,383.6,1444.867,264.133,986.2,204.575,723.125,463.85,0.5333,0.5005,0.517,37.5,37.5,,,,,,,,,,,2,0,0,3,0,5,18.605,42.791,22.123,2,recovery_2_4d,clear_low_flow,good,complete,ECが大きく変化しており、溶存成分を伴うイベント候補です。
2026-08-01,3,07:07:00,,7.39,,,85.6,,,7.2,,,24.3,,,291,,,263,28,793.633,,568.967,,451.25,,451.25,0.5686,,0.569,37,37,,,,,,,,,,,2,0,0,3,0,9.65,24.959,57.406,32.664,3,recovery_2_4d,clear_low_flow,good,missing_afternoon,この日は朝午後のデータが一部不足しているため参考値です。
2026-08-03,2,07:16:00,13:14:00,7.21,7.44,0.23,74,87.3,13.3,6.3,7.4,1.1,24.1,24,-0.1,227,253,26,274,-21,161.333,285.867,114.5,194.667,70.333,143.075,106.704,0.4359,0.5005,0.468,37.5,37.5,,,,,,,,,,,2,0,0,2,3.25,0,8.298,19.085,8.932,0,rain_0_1d,none,good,complete,ECが大きく変化しており、溶存成分を伴うイベント候補です。
2026-08-04,2,07:21:00,13:16:00,7.61,8.24,0.63,85.8,107.2,21.4,7.5,8.8,1.3,22.8,26.1,3.3,278,282,4,274,8,1590.8,2462.3,1224.633,1615.2,595.875,1426.222,1011.048,0.3746,0.5792,0.477,36,36,,,,,,,,,,,1.5,0,0,3,0.5,5.3,14.014,32.232,15.375,1,rain_0_1d,clear_low_flow,good,complete,pHとDO%がともに上昇しており、日中光応答が読みやすい日です。
2026-08-05,2,07:11:00,13:20:00,7.38,8.27,0.89,81.7,118.1,36.4,7.2,9.4,2.2,22.5,28.1,5.6,288,288,0,282,6,948.933,2555.967,590.767,1762.667,558.4,1416.511,987.456,0.5885,0.5542,0.571,36,36,,,,,,,,,,30.75,2,0,0,3,0,7.1,18.411,42.345,24.179,2,recovery_2_4d,clear_low_flow,good,complete,pHとDO%がともに上昇しており、日中光応答が読みやすい日です。
2026-08-06,3,07:36:00,13:00:00,7.45,8.58,1.13,86.3,126.3,40,7.4,9.8,2.4,24.1,29.2,5.1,289,282,-7,287,-5,505.767,1867.067,355.967,1118,269.8,712.55,491.175,0.5334,0.3816,0.458,36,36,,,,,,,,,,29,2.5,0,0,3,2.5,7.8,20.916,48.107,22.033,0,rain_0_1d,clear_low_flow,usable,complete,pHとDO%がともに上昇しており、日中光応答が読みやすい日です。
2026-08-07,2,07:30:00,13:10:00,7.45,8.69,1.24,89,134.6,45.6,7.5,10.3,2.8,24.8,30,5.2,288,282,-6,287,-5,1136.667,2152.733,899.867,1519.2,646.633,1263.644,955.139,0.5689,0.587,0.578,36.5,36.5,,,,,,,,,,29.5,3,0,0,3,0,11.9,27.375,62.962,36.392,1,rain_0_1d,clear_low_flow,good,complete,pHとDO%がともに上昇しており、日中光応答が読みやすい日です。
2026-08-09,4,07:23:00,13:26:00,7.37,8.72,1.35,85.3,144,58.7,7.2,11.2,4,24.5,29.4,4.9,286,269,-17,282,-13,536.967,2339.833,379.7,1660.8,295.425,1340.475,817.95,0.5502,0.5729,0.562,35.5,35.5,,,,,,,,,,31,2.5,0,0,3,0,6.2,20.907,48.086,27.024,3,recovery_2_4d,clear_low_flow,usable,complete,pHとDO%がともに上昇しており、日中光応答が読みやすい日です。
2026-08-10,3,07:24:00,13:17:00,7.28,7.75,0.47,85.1,99.6,14.5,7.2,7.9,0.7,24.4,28,3.6,194,234,40,282,-48,936.7,1706.8,687.633,884.5,388.725,519.711,454.218,0.415,0.3045,0.36,45,45,,,,,,,,,,25,2,0,1,2,46,8.55,22.059,50.736,18.265,0,rain_0_1d,rain_turbid,usable,complete,濁り・泥・遮光の影響で川底への光が弱かった可能性があります。
2026-08-11,4,07:19:00,13:11:00,7.45,7.98,0.53,82.7,109.4,26.7,7.2,9,1.8,23,26.1,3.1,282,278,-4,282,-4,555.1,1588.833,374.067,967.1,293.35,735.7,514.525,0.5285,0.463,0.496,41,41,,,,,,,,,,29,1.5,0,1,3,0,2.6,12.785,29.405,14.585,1,rain_0_1d,none,good,complete,pHとDO%がともに上昇しており、日中光応答が読みやすい日です。
2026-08-13,1,07:14:00,,7.48,,,88.5,,,7.7,,,23,,,265,,,282,-17,177.833,,123.433,,82.075,,82.075,0.4615,,0.462,51,51,,,,,,,,,,18,1,0,0,2,13,0.8,9.66,22.218,10.265,0,rain_0_1d,rain_scour,good,missing_afternoon,この日は朝午後のデータが一部不足しているため参考値です。
2026-08-14,2,,12:53:00,,8.04,,,106.3,,,8.8,,,25.4,,,265,,278,-13,,870.6,,580.633,,432.675,432.675,,0.497,0.497,56,56,,,,,,,,,,12,0,0,3,3,37.75,3.75,14.508,33.368,16.584,0,rain_0_1d,rain_scour,good,missing_morning,この日は朝午後のデータが一部不足しているため参考値です。
2026-08-15,2,,13:18:00,,7.93,,,97.4,,,8.1,,,25.2,,,245,,269,-24,,660.3,,469.967,,300.05,300.05,,0.4544,0.454,58,58,,,,,,,,,,9,0,0,3,2,24.75,0.95,6.782,15.599,7.082,0,rain_0_1d,rain_scour,good,missing_morning,この日は朝午後のデータが一部不足しているため参考値です。
2026-08-16,2,07:28:00,13:22:00,7.56,7.75,0.19,88.8,95.7,6.9,7.8,8.1,0.3,22.8,24.2,1.4,282,272,-10,265,7,1252.233,567.333,832.8,386.9,602.8,292.375,447.587,0.4814,0.5153,0.498,49.5,49.5,52,50,52,3,1,0,50.75,3,,18.5,0,0,3,3,1.25,0.95,7.403,17.027,8.479,0,rain_0_1d,rain_scour,usable,complete,裸石感が強く、洗い流し後の回復過程の可能性があります。
2026-08-17,2,07:20:00,12:57:00,7.45,8.15,0.7,88.1,108.9,20.8,7.7,9,1.3,22.5,25.8,3.3,265,272,7,265,7,304.933,1917.333,227.9,1343.233,163.4,1007.411,585.405,0.5359,0.5254,0.531,47,47,51.25,50,51,4.25,3,-0.25,49.813,4.25,,20.25,0.5,0,2,3,5,2.95,14.205,32.671,17.348,0,rain_0_1d,none,good,complete,pHとDO%がともに上昇しており、日中光応答が読みやすい日です。
2026-08-18,2,07:04:00,13:11:00,7.43,8.04,0.61,83,109,26,7.3,8.9,1.6,22.5,26.8,4.3,282,274,-8,265,9,794.8,2119.067,571.667,1486.133,486.789,1494.756,990.773,0.6125,0.7054,0.659,44,44,49,47,49,5,3,0,45.625,2.5,,24,2,0,0,3,0,8.35,21.997,50.593,33.341,1,rain_0_1d,none,good,complete,pHとDO%がともに上昇しており、日中光応答が読みやすい日です。
2026-08-19,2,07:05:00,12:59:00,7.33,8.31,0.98,90.1,117.5,27.4,7.8,9.6,1.8,23.2,26.5,3.3,287,274,-13,272,2,584.867,2366.033,430.467,1672.933,311.644,1378.433,845.038,0.5328,0.5826,0.558,42.5,42.5,47.5,46,47.5,5,3.5,0,45.875,5.5,,25,2,0,0,3,0,9.8,23.358,53.723,29.977,2,recovery_2_4d,none,good,complete,pHとDO%がともに上昇しており、日中光応答が読みやすい日です。
2026-08-20,2,07:22:00,13:02:00,7.32,8.34,1.02,88.2,124.4,36.2,7.6,10,2.4,23.4,27.3,3.9,286,274,-12,272,2,947.6,2210.033,625.8,1575.367,532.444,1341.467,936.956,0.5619,0.607,0.584,43,43,48,46,49,5,3,1,46.5,6,,25.5,2,0,0,3,0,9.25,23.232,53.434,31.205,3,recovery_2_4d,none,good,complete,pHとDO%がともに上昇しており、日中光応答が読みやすい日です。
